<?xml version="1.0" encoding="utf-8" standalone="no" ?>
<!-- 
	Usage:

	To localize the description, use the following format for the description element.
	<description>
	<text xml:lang="en">English App description goes here</text>
	<text xml:lang="fr">French App description goes here</text>
	<text xml:lang="ja">Japanese App description goes here</text>
	</description>

	To localize the name, use the following format for the name element.
	<name>
	<text xml:lang="en">English App name goes here</text>
	<text xml:lang="fr">French App name goes here</text>
	<text xml:lang="ja">Japanese App name goes here</text>
	</name>
-->
<application xmlns="http://ns.adobe.com/air/application/50.2">
  <id>com.calculator.typpy</id>
  <versionNumber>1.0</versionNumber>
  <filename>Calculator</filename>
  <description/>
  <name>Calculator</name>
  <copyright/>
  <initialWindow>
    <content>calculator.swf</content>
    <systemChrome>standard</systemChrome>
    <transparent>false</transparent>
    <visible>true</visible>
    <fullScreen>false</fullScreen>
    <aspectRatio>portrait</aspectRatio>
    <renderMode>auto</renderMode>
    <width>360</width>
    <height>650</height>
    <maximizable>false</maximizable>
    <minimizable>true</minimizable>
    <resizable>false</resizable>
  </initialWindow>
  <icon>
    <image16x16>icon/icon%2016.png</image16x16>
    <image32x32>icon/icon%2032.png</image32x32>
    <image48x48>icon/icon%2048.png</image48x48>
    <image128x128>icon/icon%20128.png</image128x128>
  </icon>
  <customUpdateUI>false</customUpdateUI>
  <allowBrowserInvocation>false</allowBrowserInvocation>
  <supportedProfiles>desktop extendedDesktop </supportedProfiles>
</application>
